code,url
srvatkovy-protein-vs-izolat-vs-hydro-gymbeam,https://REPLACE_GYMBEAM_DEEPLINK_FOR_srvatkovy-protein-vs-izolat-vs-hydro
srvatkovy-protein-vs-izolat-vs-hydro-aktin,https://REPLACE_AKTIN_DEEPLINK_FOR_srvatkovy-protein-vs-izolat-vs-hydro
srvatkovy-protein-vs-izolat-vs-hydro-myprotein,https://REPLACE_MYPROTEIN_DEEPLINK_FOR_srvatkovy-protein-vs-izolat-vs-hydro
srvatkovy-protein-vs-izolat-vs-hydro-proteinsk,https://REPLACE_PROTEINSK_DEEPLINK_FOR_srvatkovy-protein-vs-izolat-vs-hydro
srvatkovy-protein-vs-izolat-vs-hydro-biotechusa,https://REPLACE_BIOTECHUSA_DEEPLINK_FOR_srvatkovy-protein-vs-izolat-vs-hydro
najlepsi-protein-na-chudnutie-wpc-vs-wpi-gymbeam,https://REPLACE_GYMBEAM_DEEPLINK_FOR_najlepsi-protein-na-chudnutie-wpc-vs-wpi
najlepsi-protein-na-chudnutie-wpc-vs-wpi-aktin,https://REPLACE_AKTIN_DEEPLINK_FOR_najlepsi-protein-na-chudnutie-wpc-vs-wpi
najlepsi-protein-na-chudnutie-wpc-vs-wpi-myprotein,https://REPLACE_MYPROTEIN_DEEPLINK_FOR_najlepsi-protein-na-chudnutie-wpc-vs-wpi
najlepsi-protein-na-chudnutie-wpc-vs-wpi-proteinsk,https://REPLACE_PROTEINSK_DEEPLINK_FOR_najlepsi-protein-na-chudnutie-wpc-vs-wpi
najlepsi-protein-na-chudnutie-wpc-vs-wpi-biotechusa,https://REPLACE_BIOTECHUSA_DEEPLINK_FOR_najlepsi-protein-na-chudnutie-wpc-vs-wpi
najlepsie-proteiny-2025-gymbeam,https://REPLACE_GYMBEAM_DEEPLINK_FOR_najlepsie-proteiny-2025
najlepsie-proteiny-2025-aktin,https://REPLACE_AKTIN_DEEPLINK_FOR_najlepsie-proteiny-2025
najlepsie-proteiny-2025-myprotein,https://REPLACE_MYPROTEIN_DEEPLINK_FOR_najlepsie-proteiny-2025
najlepsie-proteiny-2025-proteinsk,https://REPLACE_PROTEINSK_DEEPLINK_FOR_najlepsie-proteiny-2025
najlepsie-proteiny-2025-biotechusa,https://REPLACE_BIOTECHUSA_DEEPLINK_FOR_najlepsie-proteiny-2025
clear-protein-gymbeam,https://REPLACE_GYMBEAM_DEEPLINK_FOR_clear-protein
clear-protein-aktin,https://REPLACE_AKTIN_DEEPLINK_FOR_clear-protein
clear-protein-myprotein,https://REPLACE_MYPROTEIN_DEEPLINK_FOR_clear-protein
clear-protein-proteinsk,https://REPLACE_PROTEINSK_DEEPLINK_FOR_clear-protein
clear-protein-biotechusa,https://REPLACE_BIOTECHUSA_DEEPLINK_FOR_clear-protein
proteiny-gymbeam,https://REPLACE_GYMBEAM_DEEPLINK_FOR_proteiny
proteiny-aktin,https://REPLACE_AKTIN_DEEPLINK_FOR_proteiny
proteiny-myprotein,https://REPLACE_MYPROTEIN_DEEPLINK_FOR_proteiny
proteiny-proteinsk,https://REPLACE_PROTEINSK_DEEPLINK_FOR_proteiny
proteiny-biotechusa,https://REPLACE_BIOTECHUSA_DEEPLINK_FOR_proteiny
protein-na-chudnutie-gymbeam,https://REPLACE_GYMBEAM_DEEPLINK_FOR_protein-na-chudnutie
protein-na-chudnutie-aktin,https://REPLACE_AKTIN_DEEPLINK_FOR_protein-na-chudnutie
protein-na-chudnutie-myprotein,https://REPLACE_MYPROTEIN_DEEPLINK_FOR_protein-na-chudnutie
protein-na-chudnutie-proteinsk,https://REPLACE_PROTEINSK_DEEPLINK_FOR_protein-na-chudnutie
protein-na-chudnutie-biotechusa,https://REPLACE_BIOTECHUSA_DEEPLINK_FOR_protein-na-chudnutie
kedy-brat-kreatin-a-kolko-gymbeam,https://REPLACE_GYMBEAM_DEEPLINK_FOR_kedy-brat-kreatin-a-kolko
kedy-brat-kreatin-a-kolko-aktin,https://REPLACE_AKTIN_DEEPLINK_FOR_kedy-brat-kreatin-a-kolko
kedy-brat-kreatin-a-kolko-myprotein,https://REPLACE_MYPROTEIN_DEEPLINK_FOR_kedy-brat-kreatin-a-kolko
kedy-brat-kreatin-a-kolko-proteinsk,https://REPLACE_PROTEINSK_DEEPLINK_FOR_kedy-brat-kreatin-a-kolko
kedy-brat-kreatin-a-kolko-biotechusa,https://REPLACE_BIOTECHUSA_DEEPLINK_FOR_kedy-brat-kreatin-a-kolko
kreatin-monohydrat-vs-hcl-gymbeam,https://REPLACE_GYMBEAM_DEEPLINK_FOR_kreatin-monohydrat-vs-hcl
kreatin-monohydrat-vs-hcl-aktin,https://REPLACE_AKTIN_DEEPLINK_FOR_kreatin-monohydrat-vs-hcl
kreatin-monohydrat-vs-hcl-myprotein,https://REPLACE_MYPROTEIN_DEEPLINK_FOR_kreatin-monohydrat-vs-hcl
kreatin-monohydrat-vs-hcl-proteinsk,https://REPLACE_PROTEINSK_DEEPLINK_FOR_kreatin-monohydrat-vs-hcl
kreatin-monohydrat-vs-hcl-biotechusa,https://REPLACE_BIOTECHUSA_DEEPLINK_FOR_kreatin-monohydrat-vs-hcl
kreatin-vedlajsie-ucinky-a-fakty-gymbeam,https://REPLACE_GYMBEAM_DEEPLINK_FOR_kreatin-vedlajsie-ucinky-a-fakty
kreatin-vedlajsie-ucinky-a-fakty-aktin,https://REPLACE_AKTIN_DEEPLINK_FOR_kreatin-vedlajsie-ucinky-a-fakty
kreatin-vedlajsie-ucinky-a-fakty-myprotein,https://REPLACE_MYPROTEIN_DEEPLINK_FOR_kreatin-vedlajsie-ucinky-a-fakty
kreatin-vedlajsie-ucinky-a-fakty-proteinsk,https://REPLACE_PROTEINSK_DEEPLINK_FOR_kreatin-vedlajsie-ucinky-a-fakty
kreatin-vedlajsie-ucinky-a-fakty-biotechusa,https://REPLACE_BIOTECHUSA_DEEPLINK_FOR_kreatin-vedlajsie-ucinky-a-fakty
vitamin-d3-gymbeam,https://REPLACE_GYMBEAM_DEEPLINK_FOR_vitamin-d3
vitamin-d3-aktin,https://REPLACE_AKTIN_DEEPLINK_FOR_vitamin-d3
vitamin-d3-myprotein,https://REPLACE_MYPROTEIN_DEEPLINK_FOR_vitamin-d3
vitamin-d3-proteinsk,https://REPLACE_PROTEINSK_DEEPLINK_FOR_vitamin-d3
vitamin-d3-biotechusa,https://REPLACE_BIOTECHUSA_DEEPLINK_FOR_vitamin-d3
vitamin-d3-a-imunita-gymbeam,https://REPLACE_GYMBEAM_DEEPLINK_FOR_vitamin-d3-a-imunita
vitamin-d3-a-imunita-aktin,https://REPLACE_AKTIN_DEEPLINK_FOR_vitamin-d3-a-imunita
vitamin-d3-a-imunita-myprotein,https://REPLACE_MYPROTEIN_DEEPLINK_FOR_vitamin-d3-a-imunita
vitamin-d3-a-imunita-proteinsk,https://REPLACE_PROTEINSK_DEEPLINK_FOR_vitamin-d3-a-imunita
vitamin-d3-a-imunita-biotechusa,https://REPLACE_BIOTECHUSA_DEEPLINK_FOR_vitamin-d3-a-imunita
horcik-gymbeam,https://REPLACE_GYMBEAM_DEEPLINK_FOR_horcik
horcik-aktin,https://REPLACE_AKTIN_DEEPLINK_FOR_horcik
horcik-myprotein,https://REPLACE_MYPROTEIN_DEEPLINK_FOR_horcik
horcik-proteinsk,https://REPLACE_PROTEINSK_DEEPLINK_FOR_horcik
horcik-biotechusa,https://REPLACE_BIOTECHUSA_DEEPLINK_FOR_horcik
zinek-gymbeam,https://REPLACE_GYMBEAM_DEEPLINK_FOR_zinek
zinek-aktin,https://REPLACE_AKTIN_DEEPLINK_FOR_zinek
zinek-myprotein,https://REPLACE_MYPROTEIN_DEEPLINK_FOR_zinek
zinek-proteinsk,https://REPLACE_PROTEINSK_DEEPLINK_FOR_zinek
zinek-biotechusa,https://REPLACE_BIOTECHUSA_DEEPLINK_FOR_zinek
probiotika-ako-vybrat-gymbeam,https://REPLACE_GYMBEAM_DEEPLINK_FOR_probiotika-ako-vybrat
probiotika-ako-vybrat-aktin,https://REPLACE_AKTIN_DEEPLINK_FOR_probiotika-ako-vybrat
probiotika-ako-vybrat-myprotein,https://REPLACE_MYPROTEIN_DEEPLINK_FOR_probiotika-ako-vybrat
probiotika-ako-vybrat-proteinsk,https://REPLACE_PROTEINSK_DEEPLINK_FOR_probiotika-ako-vybrat
probiotika-ako-vybrat-biotechusa,https://REPLACE_BIOTECHUSA_DEEPLINK_FOR_probiotika-ako-vybrat
probiotika-a-travenie-gymbeam,https://REPLACE_GYMBEAM_DEEPLINK_FOR_probiotika-a-travenie
probiotika-a-travenie-aktin,https://REPLACE_AKTIN_DEEPLINK_FOR_probiotika-a-travenie
probiotika-a-travenie-myprotein,https://REPLACE_MYPROTEIN_DEEPLINK_FOR_probiotika-a-travenie
probiotika-a-travenie-proteinsk,https://REPLACE_PROTEINSK_DEEPLINK_FOR_probiotika-a-travenie
probiotika-a-travenie-biotechusa,https://REPLACE_BIOTECHUSA_DEEPLINK_FOR_probiotika-a-travenie
aminokyseliny-bcaa-eaa-gymbeam,https://REPLACE_GYMBEAM_DEEPLINK_FOR_aminokyseliny-bcaa-eaa
aminokyseliny-bcaa-eaa-aktin,https://REPLACE_AKTIN_DEEPLINK_FOR_aminokyseliny-bcaa-eaa
aminokyseliny-bcaa-eaa-myprotein,https://REPLACE_MYPROTEIN_DEEPLINK_FOR_aminokyseliny-bcaa-eaa
aminokyseliny-bcaa-eaa-proteinsk,https://REPLACE_PROTEINSK_DEEPLINK_FOR_aminokyseliny-bcaa-eaa
aminokyseliny-bcaa-eaa-biotechusa,https://REPLACE_BIOTECHUSA_DEEPLINK_FOR_aminokyseliny-bcaa-eaa
bcaa-vs-eaa-gymbeam,https://REPLACE_GYMBEAM_DEEPLINK_FOR_bcaa-vs-eaa
bcaa-vs-eaa-aktin,https://REPLACE_AKTIN_DEEPLINK_FOR_bcaa-vs-eaa
bcaa-vs-eaa-myprotein,https://REPLACE_MYPROTEIN_DEEPLINK_FOR_bcaa-vs-eaa
bcaa-vs-eaa-proteinsk,https://REPLACE_PROTEINSK_DEEPLINK_FOR_bcaa-vs-eaa
bcaa-vs-eaa-biotechusa,https://REPLACE_BIOTECHUSA_DEEPLINK_FOR_bcaa-vs-eaa
pre-workout-gymbeam,https://REPLACE_GYMBEAM_DEEPLINK_FOR_pre-workout
pre-workout-aktin,https://REPLACE_AKTIN_DEEPLINK_FOR_pre-workout
pre-workout-myprotein,https://REPLACE_MYPROTEIN_DEEPLINK_FOR_pre-workout
pre-workout-proteinsk,https://REPLACE_PROTEINSK_DEEPLINK_FOR_pre-workout
pre-workout-biotechusa,https://REPLACE_BIOTECHUSA_DEEPLINK_FOR_pre-workout
pre-workout-ako-vybrat-gymbeam,https://REPLACE_GYMBEAM_DEEPLINK_FOR_pre-workout-ako-vybrat
pre-workout-ako-vybrat-aktin,https://REPLACE_AKTIN_DEEPLINK_FOR_pre-workout-ako-vybrat
pre-workout-ako-vybrat-myprotein,https://REPLACE_MYPROTEIN_DEEPLINK_FOR_pre-workout-ako-vybrat
pre-workout-ako-vybrat-proteinsk,https://REPLACE_PROTEINSK_DEEPLINK_FOR_pre-workout-ako-vybrat
pre-workout-ako-vybrat-biotechusa,https://REPLACE_BIOTECHUSA_DEEPLINK_FOR_pre-workout-ako-vybrat
klby-a-kolagen-gymbeam,https://REPLACE_GYMBEAM_DEEPLINK_FOR_klby-a-kolagen
klby-a-kolagen-aktin,https://REPLACE_AKTIN_DEEPLINK_FOR_klby-a-kolagen
klby-a-kolagen-myprotein,https://REPLACE_MYPROTEIN_DEEPLINK_FOR_klby-a-kolagen
klby-a-kolagen-proteinsk,https://REPLACE_PROTEINSK_DEEPLINK_FOR_klby-a-kolagen
klby-a-kolagen-biotechusa,https://REPLACE_BIOTECHUSA_DEEPLINK_FOR_klby-a-kolagen
kolagen-gymbeam,https://REPLACE_GYMBEAM_DEEPLINK_FOR_kolagen
kolagen-aktin,https://REPLACE_AKTIN_DEEPLINK_FOR_kolagen
kolagen-myprotein,https://REPLACE_MYPROTEIN_DEEPLINK_FOR_kolagen
kolagen-proteinsk,https://REPLACE_PROTEINSK_DEEPLINK_FOR_kolagen
kolagen-biotechusa,https://REPLACE_BIOTECHUSA_DEEPLINK_FOR_kolagen
kolagen-na-klby-porovnanie-gymbeam,https://REPLACE_GYMBEAM_DEEPLINK_FOR_kolagen-na-klby-porovnanie
kolagen-na-klby-porovnanie-aktin,https://REPLACE_AKTIN_DEEPLINK_FOR_kolagen-na-klby-porovnanie
kolagen-na-klby-porovnanie-myprotein,https://REPLACE_MYPROTEIN_DEEPLINK_FOR_kolagen-na-klby-porovnanie
kolagen-na-klby-porovnanie-proteinsk,https://REPLACE_PROTEINSK_DEEPLINK_FOR_kolagen-na-klby-porovnanie
kolagen-na-klby-porovnanie-biotechusa,https://REPLACE_BIOTECHUSA_DEEPLINK_FOR_kolagen-na-klby-porovnanie
chudnutie-tip-gymbeam,https://REPLACE_GYMBEAM_DEEPLINK_FOR_chudnutie-tip
chudnutie-tip-aktin,https://REPLACE_AKTIN_DEEPLINK_FOR_chudnutie-tip
chudnutie-tip-myprotein,https://REPLACE_MYPROTEIN_DEEPLINK_FOR_chudnutie-tip
chudnutie-tip-proteinsk,https://REPLACE_PROTEINSK_DEEPLINK_FOR_chudnutie-tip
chudnutie-tip-biotechusa,https://REPLACE_BIOTECHUSA_DEEPLINK_FOR_chudnutie-tip
spalovace-tukov-realita-gymbeam,https://REPLACE_GYMBEAM_DEEPLINK_FOR_spalovace-tukov-realita
spalovace-tukov-realita-aktin,https://REPLACE_AKTIN_DEEPLINK_FOR_spalovace-tukov-realita
spalovace-tukov-realita-myprotein,https://REPLACE_MYPROTEIN_DEEPLINK_FOR_spalovace-tukov-realita
spalovace-tukov-realita-proteinsk,https://REPLACE_PROTEINSK_DEEPLINK_FOR_spalovace-tukov-realita
spalovace-tukov-realita-biotechusa,https://REPLACE_BIOTECHUSA_DEEPLINK_FOR_spalovace-tukov-realita
